"","spotify_id","spotify_uri","album","name","popularity","release_date","track_number","danceability","energy","key","loudness","mode","speechiness","acousticness","instrumentalness","liveness","valence","tempo","duration_ms","time_signature"
"1","3uSATa7xWXVJrMhJJSnGGk","spotify:track:3uSATa7xWXVJrMhJJSnGGk","72 Seasons","72 Seasons",71,"2023-04-14",1,0.196,0.981,9,-3.865,1,0.0574,4.16e-05,0.052,0.0636,0.403,168.183,459120,4
"2","5iG1GycXpheJ5xMW0gNvKv","spotify:track:5iG1GycXpheJ5xMW0gNvKv","72 Seasons","Shadows Follow",70,"2023-04-14",2,0.316,0.978,11,-3.937,1,0.0507,0.000106,0.0325,0.325,0.671,178.554,371880,4
"3","2hBn08QphNtdnhwDNtnZMg","spotify:track:2hBn08QphNtdnhwDNtnZMg","72 Seasons","Screaming Suicide",68,"2023-04-14",3,0.427,0.973,4,-3.469,0,0.0445,2.66e-05,0.02,0.26,0.317,100.979,330453,4
"4","6HeYgpgqEo8SGis4dHwRbu","spotify:track:6HeYgpgqEo8SGis4dHwRbu","72 Seasons","Sleepwalk My Life Away",68,"2023-04-14",4,0.45,0.949,11,-4.181,1,0.0343,2.13e-05,0.0404,0.0977,0.53,124.949,416067,4
"5","1ALXFmNr7lrTug2LAE989q","spotify:track:1ALXFmNr7lrTug2LAE989q","72 Seasons","You Must Burn!",67,"2023-04-14",5,0.235,0.958,4,-3.069,1,0.0426,8.97e-05,0.0173,0.0374,0.453,172.774,423013,4
"6","6eXWc7irALyENtbAD2TTOT","spotify:track:6eXWc7irALyENtbAD2TTOT","72 Seasons","Lux Æterna",68,"2023-04-14",6,0.401,0.996,11,-3.327,0,0.0714,1.15e-05,0.000879,0.121,0.226,130.596,201760,4
"7","6eiFVKWhv9EYL2RdrVFtyC","spotify:track:6eiFVKWhv9EYL2RdrVFtyC","72 Seasons","Crown of Barbed Wire",66,"2023-04-14",7,0.441,0.963,9,-3.984,1,0.0363,1.9e-05,0.0243,0.0582,0.245,111.68,349400,4
"8","0aHwh2rqyJNN0eZ4sGZLEt","spotify:track:0aHwh2rqyJNN0eZ4sGZLEt","72 Seasons","Chasing Light",65,"2023-04-14",8,0.251,0.981,4,-3.59,0,0.0557,2.33e-05,0.0456,0.408,0.68,182.396,405107,4
"9","1oCQLSGSiHozdyx7lOqkIt","spotify:track:1oCQLSGSiHozdyx7lOqkIt","72 Seasons","If Darkness Had a Son",66,"2023-04-14",9,0.478,0.939,9,-4.349,1,0.0443,2.67e-05,0.00488,0.0511,0.396,123.391,396293,4
"10","2ZPnedMaS4W1de05Xz18hF","spotify:track:2ZPnedMaS4W1de05Xz18hF","72 Seasons","Too Far Gone?",66,"2023-04-14",10,0.472,0.989,0,-4.131,1,0.0443,2.99e-05,0.0254,0.0808,0.452,96.541,273693,4
"11","3L82LuRzu60EPSK1yf5Pxr","spotify:track:3L82LuRzu60EPSK1yf5Pxr","72 Seasons","Room of Mirrors",65,"2023-04-14",11,0.281,0.987,6,-3.503,0,0.0593,2.52e-05,0.0656,0.11,0.671,159.37,333707,4
"12","589aAz8258JEsMwpJglalU","spotify:track:589aAz8258JEsMwpJglalU","72 Seasons","Inamorata",66,"2023-04-14",12,0.497,0.869,11,-4.046,1,0.0319,0.000303,0.00794,0.067,0.284,120.41,670253,4
"363","10qHfyQqzsbBDwob8nk8Ol","spotify:track:10qHfyQqzsbBDwob8nk8Ol","Hardwired…To Self-Destruct","Hardwired",47,"2016-11-18",1,0.128,0.991,11,-3.289,1,0.0582,1.11e-05,0.00362,0.219,0.53,186.124,189347,4
"364","6fjer7Ed6ZUna1EMbwbDrN","spotify:track:6fjer7Ed6ZUna1EMbwbDrN","Hardwired…To Self-Destruct","Atlas, Rise!",51,"2016-11-18",2,0.416,0.994,4,-3.354,0,0.0609,2.93e-05,0.0299,0.0704,0.434,95.205,388625,4
"365","2NBvvx52QAjipBnXvAekfs","spotify:track:2NBvvx52QAjipBnXvAekfs","Hardwired…To Self-Destruct","Now That We’re Dead",51,"2016-11-18",3,0.565,0.949,2,-3.828,1,0.0464,9.24e-05,0.099,0.254,0.331,128.303,419075,4
"366","3JjZq20Kv6UphyyirAaY9A","spotify:track:3JjZq20Kv6UphyyirAaY9A","Hardwired…To Self-Destruct","Moth Into Flame",59,"2016-11-18",4,0.163,0.977,4,-3.585,0,0.0591,3.64e-05,0.0052,0.0555,0.369,178.44,350644,4
"367","1dzmb0UZZatm5VCD8fI8UF","spotify:track:1dzmb0UZZatm5VCD8fI8UF","Hardwired…To Self-Destruct","Dream No More",44,"2016-11-18",5,0.509,0.944,7,-3.698,1,0.0577,6.26e-05,0.00404,0.0629,0.299,97.505,389598,4
"368","0dcFoXAFWxx7oSIIq2mtkW","spotify:track:0dcFoXAFWxx7oSIIq2mtkW","Hardwired…To Self-Destruct","Halo On Fire",47,"2016-11-18",6,0.323,0.936,4,-3.514,0,0.0504,1.43e-05,0.00437,0.0983,0.21,126.367,495017,4
"369","3m8zeHjUKHDVHbx5JmS2qx","spotify:track:3m8zeHjUKHDVHbx5JmS2qx","Hardwired…To Self-Destruct","Confusion",43,"2016-11-18",1,0.447,0.99,4,-3.752,1,0.0639,2.94e-05,0.0344,0.125,0.35,122.288,401226,4
"370","4IuzY8RNrCGPIchltRMWzz","spotify:track:4IuzY8RNrCGPIchltRMWzz","Hardwired…To Self-Destruct","ManUNkind",40,"2016-11-18",2,0.299,0.937,4,-4.375,0,0.0468,2.25e-05,0.0051,0.0977,0.353,136.079,415599,4
"371","4Ixe61Sv0WlxBhDjRtEgH3","spotify:track:4Ixe61Sv0WlxBhDjRtEgH3","Hardwired…To Self-Destruct","Here Comes Revenge",42,"2016-11-18",3,0.496,0.98,6,-4.049,0,0.0688,6.57e-05,0.122,0.118,0.305,131.691,437625,4
"372","5EA75qDylWv25sjzyM1BOa","spotify:track:5EA75qDylWv25sjzyM1BOa","Hardwired…To Self-Destruct","Am I Savage?",40,"2016-11-18",4,0.327,0.943,0,-3.898,1,0.0485,2.15e-05,0.000882,0.0738,0.242,144.016,389663,4
"373","1CNCFVas53ePcTa6xjMhoF","spotify:track:1CNCFVas53ePcTa6xjMhoF","Hardwired…To Self-Destruct","Murder One",42,"2016-11-18",5,0.456,0.948,6,-3.595,1,0.0406,2.18e-05,0.00252,0.106,0.34,107.516,345277,4
"374","3eB1b4DL6O9TMOksOYg83l","spotify:track:3eB1b4DL6O9TMOksOYg83l","Hardwired…To Self-Destruct","Spit Out The Bone",53,"2016-11-18",6,0.154,0.987,9,-3.951,1,0.0875,9.07e-06,0.0559,0.153,0.454,168.127,429199,4
"417","2otSugsyrMFRi7ohdeB635","spotify:track:2otSugsyrMFRi7ohdeB635","Death Magnetic","That Was Just Your Life",44,"2008-09-12",1,0.251,0.994,5,-2.29,1,0.109,0.000577,0.0018,0.0898,0.361,189.891,428320,4
"418","3KFtAMirz8dF1gApXdWMRf","spotify:track:3KFtAMirz8dF1gApXdWMRf","Death Magnetic","The End Of The Line",45,"2008-09-12",2,0.335,0.985,4,-2.383,0,0.0921,0.000115,0.000807,0.135,0.202,106.552,472360,4
"419","5xABQiiRBuVWsL9zamoj1G","spotify:track:5xABQiiRBuVWsL9zamoj1G","Death Magnetic","Broken, Beat & Scarred",44,"2008-09-12",3,0.323,0.982,4,-1.459,1,0.0869,4.9e-05,0.00415,0.237,0.48,121.895,385467,4
"420","2gqzkEF88vMclfRZEIOnQO","spotify:track:2gqzkEF88vMclfRZEIOnQO","Death Magnetic","The Day That Never Comes",58,"2008-09-12",4,0.334,0.986,4,-1.046,0,0.0576,0.000114,0.0353,0.0805,0.48,124.668,476267,4
"421","5w3TTTAo6DIEjQYO3vKZq0","spotify:track:5w3TTTAo6DIEjQYO3vKZq0","Death Magnetic","All Nightmare Long",55,"2008-09-12",5,0.271,0.985,9,-0.805,1,0.123,0.000568,0.00112,0.0809,0.354,182.981,477013,4
"422","2LfonCFEOzFedikP12rTeo","spotify:track:2LfonCFEOzFedikP12rTeo","Death Magnetic","Cyanide",46,"2008-09-12",6,0.313,0.993,11,-0.463,0,0.0751,0.000119,0.000335,0.303,0.497,129.255,399547,4
"423","6guXhXMAHU4QYaEsobnS6v","spotify:track:6guXhXMAHU4QYaEsobnS6v","Death Magnetic","The Unforgiven III",55,"2008-09-12",7,0.298,0.766,4,-3.485,0,0.0347,0.00203,3.84e-06,0.117,0.0923,121.555,466587,4
"424","3XLnsk7Xs7ONROfmWTB58u","spotify:track:3XLnsk7Xs7ONROfmWTB58u","Death Magnetic","The Judas Kiss",41,"2008-09-12",8,0.412,0.975,4,-0.974,0,0.0719,0.000444,0.00325,0.0387,0.465,88.673,480760,4
"425","0rd4qVsMPD8YtAZEpsalT6","spotify:track:0rd4qVsMPD8YtAZEpsalT6","Death Magnetic","Suicide & Redemption",41,"2008-09-12",9,0.256,0.955,4,-2.224,0,0.0733,4.78e-05,0.836,0.0877,0.396,164.397,597720,4
"426","6qIleHbUTXcGfBfQ8h0R2n","spotify:track:6qIleHbUTXcGfBfQ8h0R2n","Death Magnetic","My Apocalypse",42,"2008-09-12",10,0.262,0.993,5,-1.27,0,0.199,0.000199,0.00182,0.0962,0.279,199.915,301013,4
"443","09NpqcWK5TLI86HbHv3N0L","spotify:track:09NpqcWK5TLI86HbHv3N0L","St. Anger","Frantic",47,"2003-06-05",1,0.483,0.978,10,-3.063,0,0.0882,0.00497,0.125,0.0782,0.563,161.764,350360,4
"444","3fOc9x06lKJBhz435mInlH","spotify:track:3fOc9x06lKJBhz435mInlH","St. Anger","St. Anger",55,"2003-06-05",2,0.249,0.949,2,-2.642,0,0.0678,0.00131,0.0228,0.0953,0.498,185.252,441133,4
"445","3mNOQhKgWNgtWIq4SGND8j","spotify:track:3mNOQhKgWNgtWIq4SGND8j","St. Anger","Some Kind Of Monster",44,"2003-06-05",3,0.337,0.938,5,-5.266,1,0.0532,0.000475,0.238,0.186,0.648,105.377,505547,4
"446","6BW7c1H0hOJ83lcKTbUR47","spotify:track:6BW7c1H0hOJ83lcKTbUR47","St. Anger","Dirty Window",39,"2003-06-05",4,0.366,0.981,1,-4.234,1,0.0843,0.0121,0.000136,0.386,0.439,127.454,324907,4
"447","1mbtnFSKbTmvbYxecgFb57","spotify:track:1mbtnFSKbTmvbYxecgFb57","St. Anger","Invisible Kid",37,"2003-06-05",5,0.491,0.988,1,-5.205,1,0.0908,0.0065,0.516,0.0569,0.408,157.839,510093,4
"448","0rVZ9iDQCmb2nyB8RvfAOv","spotify:track:0rVZ9iDQCmb2nyB8RvfAOv","St. Anger","My World",35,"2003-06-05",6,0.329,0.982,1,-4.456,1,0.083,0.0018,0.00456,0.281,0.351,99.153,345533,4
"449","2O4M60YhdylyjSNOXQMlIE","spotify:track:2O4M60YhdylyjSNOXQMlIE","St. Anger","Shoot Me Again",37,"2003-06-05",7,0.55,0.927,1,-4.324,1,0.0815,0.00061,0.0135,0.0458,0.347,111.432,430107,4
"450","5fU6qjmD38P90BMsuqpiuU","spotify:track:5fU6qjmD38P90BMsuqpiuU","St. Anger","Sweet Amber",38,"2003-06-05",8,0.479,0.913,0,-5.335,1,0.0625,0.00114,0.000107,0.226,0.413,93.213,327133,4
"451","6gcGqslzlXlwt4UCjXxrgN","spotify:track:6gcGqslzlXlwt4UCjXxrgN","St. Anger","The Unnamed Feeling",38,"2003-06-05",9,0.469,0.915,8,-5.235,1,0.0643,0.000826,0.00421,0.11,0.441,140.421,427893,4
"452","0HZpiUtrwCqKChQn0x6Bqy","spotify:track:0HZpiUtrwCqKChQn0x6Bqy","St. Anger","Purify",35,"2003-06-05",10,0.506,0.988,0,-3.139,1,0.0733,0.00213,0.00399,0.296,0.235,105.531,313933,3
"453","2XDPSz4jo6FiOoRc7pfgm3","spotify:track:2XDPSz4jo6FiOoRc7pfgm3","St. Anger","All Within My Hands",36,"2003-06-05",11,0.553,0.966,10,-4.489,0,0.086,0.00392,0.00241,0.237,0.302,105.786,525893,4
"529","1tTPC0hsnXq1IGpvWY54JC","spotify:track:1tTPC0hsnXq1IGpvWY54JC","Reload","Fuel",66,"1997-11-18",1,0.491,0.951,1,-3.775,1,0.0465,2.3e-05,0.00354,0.0424,0.555,106.948,269733,4
"530","0vhOJ8a3M2LWnBNrDXJKDl","spotify:track:0vhOJ8a3M2LWnBNrDXJKDl","Reload","The Memory Remains",57,"1997-11-18",2,0.432,0.904,10,-3.697,0,0.0432,0.000321,0.00982,0.206,0.6,144.401,279240,4
"531","1s36Y4giRH7VYiE0Iw1Z6i","spotify:track:1s36Y4giRH7VYiE0Iw1Z6i","Reload","Devil's Dance",47,"1997-11-18",3,0.611,0.795,0,-4.875,0,0.0318,4.17e-05,0.146,0.0614,0.489,92.582,318960,4
"532","0IGXkVRn0uCsgn4FvIfpgB","spotify:track:0IGXkVRn0uCsgn4FvIfpgB","Reload","The Unforgiven II",59,"1997-11-18",4,0.49,0.884,8,-4.533,0,0.0428,0.000514,0.00177,0.27,0.254,132.978,396440,4
"533","52TariT5sfkYzKRwdVMrRw","spotify:track:52TariT5sfkYzKRwdVMrRw","Reload","Better Than You",40,"1997-11-18",5,0.477,0.964,1,-5.44,1,0.052,3.59e-05,0.532,0.893,0.459,78.193,321600,4
"534","4E8tO8klOrcNGojpOvttMD","spotify:track:4E8tO8klOrcNGojpOvttMD","Reload","Slither",39,"1997-11-18",6,0.505,0.857,8,-3.841,1,0.0352,3.93e-05,0.00777,0.174,0.51,110.501,313200,4
"535","5Raz1bgliM4doMnDaOyElV","spotify:track:5Raz1bgliM4doMnDaOyElV","Reload","Carpe Diem Baby",40,"1997-11-18",7,0.387,0.866,3,-5.336,0,0.0346,1.38e-05,0.129,0.161,0.463,142.35,372200,4
"536","424n1SLlo8uYe5d9WzMrNj","spotify:track:424n1SLlo8uYe5d9WzMrNj","Reload","Bad Seed",39,"1997-11-18",8,0.548,0.946,6,-4.236,1,0.0439,2.6e-05,0.00902,0.312,0.713,126.915,245333,4
"537","4y8YNER0bmZhPOTJr76IiR","spotify:track:4y8YNER0bmZhPOTJr76IiR","Reload","Where The Wild Things Are",38,"1997-11-18",9,0.454,0.888,11,-4.844,1,0.0485,0.000375,0.0204,0.109,0.166,92.221,414133,4
"538","26A8IIHFL1Y9GufqR3I65T","spotify:track:26A8IIHFL1Y9GufqR3I65T","Reload","Prince Charming",38,"1997-11-18",10,0.551,0.975,3,-3.682,0,0.0469,1.97e-05,0.000811,0.0235,0.461,99.813,365227,4
"539","540SK3uC90geLZkbZrnpH9","spotify:track:540SK3uC90geLZkbZrnpH9","Reload","Low Man's Lyric",41,"1997-11-18",11,0.463,0.677,1,-6.19,1,0.0273,0.00232,0.000308,0.352,0.156,130.893,457267,3
"540","3mvunz8CB5WH2yLigeRw1w","spotify:track:3mvunz8CB5WH2yLigeRw1w","Reload","Attitude",37,"1997-11-18",12,0.458,0.972,1,-4.38,1,0.0451,1.28e-05,0.00718,0.331,0.628,155.514,316240,4
"541","3nPUPTVGhcRStUxcvM5xtI","spotify:track:3nPUPTVGhcRStUxcvM5xtI","Reload","Fixxxer",40,"1997-11-18",13,0.48,0.837,1,-4.644,1,0.0452,0.000163,0.000244,0.0539,0.385,132.695,495227,4
"542","7LMeflTW3D3JRKaA2JK9KJ","spotify:track:7LMeflTW3D3JRKaA2JK9KJ","Load","Ain't My B*tch",48,"1996-06-04",1,0.412,0.905,10,-4.525,0,0.0315,2.49e-05,0.0464,0.106,0.411,157.603,304173,4
"543","4M0aGQRCNnL77XUkvGO6If","spotify:track:4M0aGQRCNnL77XUkvGO6If","Load","2 X 4",45,"1996-06-04",2,0.518,0.898,1,-4.448,1,0.0352,4.19e-06,0.0134,0.516,0.688,115.792,328200,4
"544","4GgHgoto2yRwvFk25vujpZ","spotify:track:4GgHgoto2yRwvFk25vujpZ","Load","The House Jack Built",43,"1996-06-04",3,0.277,0.863,4,-5.378,1,0.0343,1.51e-05,0.00372,0.134,0.276,94.044,398960,4
"545","63aVbch5VRXtQnCITdeDTZ","spotify:track:63aVbch5VRXtQnCITdeDTZ","Load","Until It Sleeps",58,"1996-06-04",4,0.562,0.919,8,-4.458,0,0.0293,0.000223,0.113,0.142,0.728,113.357,269573,4
"546","140u2dqlZbpi4ZLgeolKqA","spotify:track:140u2dqlZbpi4ZLgeolKqA","Load","King Nothing",59,"1996-06-04",5,0.528,0.909,8,-5.712,1,0.0381,7.77e-05,0.00959,0.0891,0.349,112.083,328133,4
"547","5ktyEZbrgBEePsu6MW5Cvw","spotify:track:5ktyEZbrgBEePsu6MW5Cvw","Load","Hero Of The Day",55,"1996-06-04",6,0.351,0.9,8,-7.146,1,0.0357,0.000107,0.0262,0.11,0.777,116.023,261693,4
"548","2IenDzi8pYn8c4WRteZai0","spotify:track:2IenDzi8pYn8c4WRteZai0","Load","Bleeding Me",49,"1996-06-04",7,0.391,0.761,1,-6.062,1,0.0319,0.000891,0.0301,0.128,0.247,115.723,498133,4
"549","5De0T23DDwoV7TN5A3sHEY","spotify:track:5De0T23DDwoV7TN5A3sHEY","Load","Cure",41,"1996-06-04",8,0.609,0.846,8,-5.43,1,0.0276,2e-05,0.000909,0.0574,0.778,115.274,294200,4
"550","4XfQg5rBmwbZjmXbp0wxds","spotify:track:4XfQg5rBmwbZjmXbp0wxds","Load","Poor Twisted Me",39,"1996-06-04",9,0.477,0.919,1,-4.741,1,0.0681,9.91e-05,0.045,0.0413,0.476,118.243,240000,4
"551","3tIV4YWEZyzq4QtgvIgwxL","spotify:track:3tIV4YWEZyzq4QtgvIgwxL","Load","Wasting My Hate",42,"1996-06-04",10,0.512,0.92,8,-5.684,1,0.0493,0.000108,0.0272,0.111,0.432,81.461,237440,4
"552","4ePx4Js87KSIVMLL4RD7vX","spotify:track:4ePx4Js87KSIVMLL4RD7vX","Load","Mama Said",50,"1996-06-04",11,0.451,0.497,8,-7.694,0,0.0311,0.0186,0.000505,0.395,0.397,135.298,319600,4
"553","2aKhGkbQ6mWIGsR0kpSdfj","spotify:track:2aKhGkbQ6mWIGsR0kpSdfj","Load","Thorn Within",39,"1996-06-04",12,0.526,0.897,10,-5.848,0,0.0311,1.59e-05,0.408,0.295,0.651,117.699,351560,4
"554","4Vv7tatQcfAZcXmMh7ireQ","spotify:track:4Vv7tatQcfAZcXmMh7ireQ","Load","Ronnie",40,"1996-06-04",13,0.552,0.907,1,-5.476,1,0.0329,0.00145,0.00353,0.0481,0.591,84.469,317200,4
"555","44ARj4IaCoOevEu1oy0z1v","spotify:track:44ARj4IaCoOevEu1oy0z1v","Load","The Outlaw Torn",44,"1996-06-04",14,0.621,0.725,1,-6.802,1,0.0318,0.00026,0.0637,0.368,0.418,118.515,588600,4
"604","5sICkBXVmaCQk5aISGR3x1","spotify:track:5sICkBXVmaCQk5aISGR3x1","Metallica","Enter Sandman",83,"1991-08-12",1,0.577,0.828,6,-8.691,0,0.0298,0.00213,0.0114,0.0581,0.604,123.257,331267,4
"605","1PhLYngBKbeDtdmDzCg3Pb","spotify:track:1PhLYngBKbeDtdmDzCg3Pb","Metallica","Sad But True",73,"1991-08-12",2,0.633,0.846,7,-6.347,1,0.0337,0.000819,0.00139,0.0762,0.448,89.23,323933,4
"606","5YMJoplBWvIa2LHUPoGqb5","spotify:track:5YMJoplBWvIa2LHUPoGqb5","Metallica","Holier Than Thou",57,"1991-08-12",3,0.471,0.956,5,-6.25,1,0.0381,0.000322,0.528,0.066,0.315,172.15,227640,4
"607","4aYLAF6ckQ5ooGGGM7sWAa","spotify:track:4aYLAF6ckQ5ooGGGM7sWAa","Metallica","The Unforgiven",75,"1991-08-12",4,0.54,0.584,7,-9.579,1,0.0254,0.0108,0.00296,0.253,0.244,139.261,386493,4
"608","22GbAGb80ZZNgm2yrBMnpR","spotify:track:22GbAGb80ZZNgm2yrBMnpR","Metallica","Wherever I May Roam",67,"1991-08-12",5,0.55,0.824,9,-7.848,0,0.0347,0.000362,0.00115,0.0865,0.332,131.387,403867,4
"609","2b7r6fN91KiHnp00aqHZ7x","spotify:track:2b7r6fN91KiHnp00aqHZ7x","Metallica","Don't Tread On Me",60,"1991-08-12",6,0.677,0.835,4,-7.627,0,0.0411,0.00546,0.00538,0.297,0.689,108.003,240333,4
"610","2VAQuXC01B2eJAEnkjIj7z","spotify:track:2VAQuXC01B2eJAEnkjIj7z","Metallica","Through The Never",55,"1991-08-12",7,0.394,0.931,4,-6.762,0,0.0413,0.00583,0.464,0.179,0.517,94.004,242907,4
"611","0nLiqZ6A27jJri2VCalIUs","spotify:track:0nLiqZ6A27jJri2VCalIUs","Metallica","Nothing Else Matters",82,"1991-08-12",8,0.553,0.362,4,-11.218,0,0.0263,0.0458,6.01e-06,0.075,0.158,142.352,388267,3
"612","2J8jdenoxkPXs44G9xcncc","spotify:track:2J8jdenoxkPXs44G9xcncc","Metallica","Of Wolf And Man",56,"1991-08-12",9,0.626,0.749,5,-7.746,1,0.0356,0.00106,0.0338,0.114,0.493,121.776,256533,4
"613","7tyc1pcOE4FOVIQTBzvxeF","spotify:track:7tyc1pcOE4FOVIQTBzvxeF","Metallica","The God That Failed",54,"1991-08-12",10,0.536,0.798,8,-6.531,1,0.0402,0.000327,0.000276,0.122,0.44,82.99,308533,4
"614","0R9GrbRcpBRdwDlVPj2wEQ","spotify:track:0R9GrbRcpBRdwDlVPj2wEQ","Metallica","My Friend Of Misery",55,"1991-08-12",11,0.582,0.819,9,-8.092,0,0.0345,0.000283,0.0167,0.0996,0.394,119.513,407773,4
"615","4R4uSnvRFeVdLQcX2zj8aU","spotify:track:4R4uSnvRFeVdLQcX2zj8aU","Metallica","The Struggle Within",51,"1991-08-12",12,0.488,0.931,6,-7.349,0,0.0533,0.00056,0.0449,0.224,0.53,98.868,233907,4
"1223","6UB9mShVLbMm0W4e6vud4C","spotify:track:6UB9mShVLbMm0W4e6vud4C","Master Of Puppets (Remastered)","Battery",66,"1986-03-03",1,0.481,0.928,11,-8.799,0,0.0672,0.00022,0.558,0.106,0.427,96.699,312360,4
"1224","2MuWTIM3b0YEAskbeeFE1i","spotify:track:2MuWTIM3b0YEAskbeeFE1i","Master Of Puppets (Remastered)","Master Of Puppets",80,"1986-03-03",2,0.543,0.836,4,-9.11,0,0.0353,0.000647,0.431,0.153,0.56,105.173,515387,4
"1225","7vFC68CBMKu99p4tIz6yzx","spotify:track:7vFC68CBMKu99p4tIz6yzx","Master Of Puppets (Remastered)","The Thing That Should Not Be",58,"1986-03-03",3,0.679,0.719,9,-10.134,1,0.032,0.000116,0.354,0.128,0.445,111.792,396107,4
"1226","4TktvZTsMoFukiim1otMtr","spotify:track:4TktvZTsMoFukiim1otMtr","Master Of Puppets (Remastered)","Welcome Home (Sanitarium)",56,"1986-03-03",4,0.306,0.766,0,-9.693,1,0.0329,0.000324,0.101,0.102,0.42,96.668,387147,4
"1227","4tPHBRIPsB55nssjvKDbjj","spotify:track:4tPHBRIPsB55nssjvKDbjj","Master Of Puppets (Remastered)","Disposable Heroes",54,"1986-03-03",5,0.292,0.931,4,-7.618,0,0.0919,4.27e-05,0.468,0.0901,0.427,90.61,496627,4
"1228","6XN00D9ejjEt1cW1sY44Gu","spotify:track:6XN00D9ejjEt1cW1sY44Gu","Master Of Puppets (Remastered)","Leper Messiah",55,"1986-03-03",6,0.379,0.808,4,-8.605,1,0.0684,5.23e-05,0.794,0.322,0.557,138.694,339880,4
"1229","2HD5BWFthrNf2uFyEhi53d","spotify:track:2HD5BWFthrNf2uFyEhi53d","Master Of Puppets (Remastered)","Orion",56,"1986-03-03",7,0.365,0.67,9,-10.014,1,0.0386,0.00142,0.892,0.111,0.4,128.488,507227,4
"1230","3n7b078PcVbHhUaYhBWIgZ","spotify:track:3n7b078PcVbHhUaYhBWIgZ","Master Of Puppets (Remastered)","Damage, Inc.",52,"1986-03-03",8,0.326,0.848,11,-10.567,0,0.167,0.000467,0.466,0.134,0.143,91.671,332465,4
"1294","3eaOnliKh0QdjuDbPAwCLx","spotify:track:3eaOnliKh0QdjuDbPAwCLx","Ride The Lightning (Remastered)","Fight Fire With Fire (Remastered)",49,"1984-07-27",1,0.28,0.986,0,-7.012,1,0.115,3.73e-05,0.688,0.071,0.16,91.025,284507,4
"1295","6yUCeySJMRaSAEsnfqDeZK","spotify:track:6yUCeySJMRaSAEsnfqDeZK","Ride The Lightning (Remastered)","Ride The Lightning (Remastered)",53,"1984-07-27",2,0.265,0.973,9,-6.129,1,0.173,5.15e-05,0.0942,0.205,0.27,148.506,396987,4
"1296","17rf2oZYDVymJeYI9ftDXc","spotify:track:17rf2oZYDVymJeYI9ftDXc","Ride The Lightning (Remastered)","For Whom The Bell Tolls (Remastered)",54,"1984-07-27",3,0.512,0.86,0,-6.145,1,0.0703,0.00631,0.00528,0.0652,0.258,117.909,309973,4
"1297","4kBsYpQBUbSIQNLTDF7es2","spotify:track:4kBsYpQBUbSIQNLTDF7es2","Ride The Lightning (Remastered)","Fade To Black (Remastered)",53,"1984-07-27",4,0.256,0.929,7,-6.667,1,0.113,0.00311,0.201,0.11,0.278,113.47,417227,4
"1298","48BSp63VnT4GwK8BxiwdTD","spotify:track:48BSp63VnT4GwK8BxiwdTD","Ride The Lightning (Remastered)","Trapped Under Ice (Remastered)",47,"1984-07-27",5,0.242,0.989,9,-5.298,1,0.204,8.16e-05,0.0531,0.0528,0.054,162.98,244067,4
"1299","0ybLEwE6TxjCePcIwwZeyJ","spotify:track:0ybLEwE6TxjCePcIwwZeyJ","Ride The Lightning (Remastered)","Escape (Remastered)",46,"1984-07-27",6,0.267,0.937,9,-5.841,1,0.101,0.00134,0.471,0.175,0.526,144.126,263867,4
"1300","3qXEqKdzI3MSGB1FlGMBz5","spotify:track:3qXEqKdzI3MSGB1FlGMBz5","Ride The Lightning (Remastered)","Creeping Death (Remastered)",51,"1984-07-27",7,0.31,0.977,6,-5.478,0,0.164,0.000219,0.273,0.0785,0.179,100.626,395707,4
"1301","5zZ74lczJgFtVCeaS11Fo1","spotify:track:5zZ74lczJgFtVCeaS11Fo1","Ride The Lightning (Remastered)","The Call Of Ktulu (Remastered)",46,"1984-07-27",8,0.301,0.935,9,-7.584,0,0.1,0.0221,0.854,0.215,0.145,139.239,533493,4
"1366","52m8IrzripYje6bVxUILQU","spotify:track:52m8IrzripYje6bVxUILQU","Kill 'Em All (Deluxe Remaster)","Hit The Lights (Remastered)",40,"1983-07-25",1,0.249,0.97,4,-5.535,0,0.21,4.3e-05,0.224,0.138,0.287,160.687,255867,4
"1367","0adbIekxPM5cWQ1cwLwAEF","spotify:track:0adbIekxPM5cWQ1cwLwAEF","Kill 'Em All (Deluxe Remaster)","The Four Horsemen (Remastered)",45,"1983-07-25",2,0.222,0.938,0,-6.91,1,0.375,0.00171,0.0845,0.108,0.329,203.098,432547,4
"1368","5iLhIpIgGZxI7kjgj9807I","spotify:track:5iLhIpIgGZxI7kjgj9807I","Kill 'Em All (Deluxe Remaster)","Motorbreath (Remastered)",38,"1983-07-25",3,0.289,0.938,1,-6.083,1,0.163,0.000116,0.0615,0.106,0.349,173.882,187840,4
"1369","5Kb48LGt4hW7bbpRWmYmUI","spotify:track:5Kb48LGt4hW7bbpRWmYmUI","Kill 'Em All (Deluxe Remaster)","Jump In The Fire (Remastered)",38,"1983-07-25",4,0.29,0.911,5,-5.667,0,0.0975,0.00617,0.0108,0.331,0.658,178.636,281293,4
"1370","1kjegEojOb6ciCGuj0tcLW","spotify:track:1kjegEojOb6ciCGuj0tcLW","Kill 'Em All (Deluxe Remaster)","(Anesthesia)--Pulling Teeth (Remastered)",34,"1983-07-25",5,0.224,0.886,7,-7.619,1,0.0772,0.000626,0.834,0.63,0.132,99.286,254560,4
"1371","0c7TUi67lKsso6WAKpOVzu","spotify:track:0c7TUi67lKsso6WAKpOVzu","Kill 'Em All (Deluxe Remaster)","Whiplash (Remastered)",41,"1983-07-25",6,0.386,0.911,4,-6.474,0,0.0956,0.000608,0.443,0.135,0.188,158.045,248547,4
"1372","4VQudlmWuKvvo1vj2vDUHW","spotify:track:4VQudlmWuKvvo1vj2vDUHW","Kill 'Em All (Deluxe Remaster)","Phantom Lord (Remastered)",34,"1983-07-25",7,0.212,0.973,2,-5.307,1,0.322,0.000842,0.0213,0.0921,0.112,159.381,301293,4
"1373","1j90Mz6iIuuK4uiqXYVcQf","spotify:track:1j90Mz6iIuuK4uiqXYVcQf","Kill 'Em All (Deluxe Remaster)","No Remorse (Remastered)",37,"1983-07-25",8,0.296,0.915,9,-5.979,1,0.163,0.000297,0.346,0.362,0.245,96.715,386560,4
"1374","6vVRtEW5T51Zd8qnyrshR1","spotify:track:6vVRtEW5T51Zd8qnyrshR1","Kill 'Em All (Deluxe Remaster)","Seek & Destroy (Remastered)",49,"1983-07-25",9,0.439,0.963,9,-5.508,1,0.277,0.0364,0.00896,0.0784,0.435,140.805,414720,4
"1375","6yPJaDkXDkFU9YSzWl8wuD","spotify:track:6yPJaDkXDkFU9YSzWl8wuD","Kill 'Em All (Deluxe Remaster)","Metal Militia (Remastered)",35,"1983-07-25",10,0.166,0.956,9,-5.307,1,0.145,8.08e-05,0.00515,0.118,0.238,176.217,311467,4
"1376","4LILojAFogT8rcg8cTeaT2","spotify:track:4LILojAFogT8rcg8cTeaT2","Kill 'Em All (Deluxe Remaster)","The Ecstacy of Gold",0,"1983-07-25",1,0.265,0.75,3,-8.371,0,0.124,0.688,0.019,0.605,0.146,116.48,226281,3
"1377","77aAF7Pafxq6T5Fa7JBbzf","spotify:track:77aAF7Pafxq6T5Fa7JBbzf","Kill 'Em All (Deluxe Remaster)","Hit The Lights (Live at Espace Balard, Paris, France – February 9th, 1984)",23,"1983-07-25",2,0.196,0.998,4,-3.41,1,0.257,0.00248,0.243,0.306,0.0375,167.117,257211,4
"1378","0bNvmodQAYaqkfnz0LEert","spotify:track:0bNvmodQAYaqkfnz0LEert","Kill 'Em All (Deluxe Remaster)","The Four Horsemen (Live at Espace Balard, Paris, France – February 9th, 1984)",21,"1983-07-25",3,0.247,0.995,9,-4.519,1,0.277,0.0187,0.033,0.89,0.0616,109.806,446616,4
"1379","0NkcOKOzPa50IBMNTEKFXO","spotify:track:0NkcOKOzPa50IBMNTEKFXO","Kill 'Em All (Deluxe Remaster)","Jump In The Fire (Live at Espace Balard, Paris, France – February 9th, 1984)",18,"1983-07-25",4,0.182,0.987,1,-5.342,1,0.474,0.00482,0.027,0.892,0.152,193.111,282499,4
"1380","44mQi9gPlVxWiKNYs7QFFT","spotify:track:44mQi9gPlVxWiKNYs7QFFT","Kill 'Em All (Deluxe Remaster)","Phantom Lord (Live at Espace Balard, Paris, France – February 9th, 1984)",17,"1983-07-25",5,0.192,0.993,4,-5.69,1,0.238,0.0023,0.0645,0.877,0.125,168.329,288331,4
"1381","1smiGnyh4UQf085aySj6KX","spotify:track:1smiGnyh4UQf085aySj6KX","Kill 'Em All (Deluxe Remaster)","No Remorse (Live at Espace Balard, Paris, France – February 9th, 1984)",17,"1983-07-25",6,0.261,0.996,2,-5.031,1,0.294,0.00899,0.467,0.729,0.0406,107.79,384617,4
"1382","5MJiW2hgxnPYq75vDOhtH3","spotify:track:5MJiW2hgxnPYq75vDOhtH3","Kill 'Em All (Deluxe Remaster)","Ride The Lightning (Live at Espace Balard, Paris, France – February 9th, 1984)",17,"1983-07-25",7,0.198,0.993,4,-5.348,1,0.245,0.0125,0.178,0.582,0.101,153.698,386243,4
"1383","5dhHlOADIEWAhzo6q7nN4I","spotify:track:5dhHlOADIEWAhzo6q7nN4I","Kill 'Em All (Deluxe Remaster)","Motorbreath (Live at Espace Balard, Paris, France – February 9th, 1984)",16,"1983-07-25",8,0.159,0.994,2,-4.952,1,0.138,0.00184,0.44,0.892,0.0995,181.98,185842,4
"1384","5YZ0h4r9exKw50v6rzVwvZ","spotify:track:5YZ0h4r9exKw50v6rzVwvZ","Kill 'Em All (Deluxe Remaster)","(Anesthesia) – Pulling Teeth (Live at Espace Balard, Paris, France – February 9th, 1984)",16,"1983-07-25",9,0.3,0.735,2,-8.133,1,0.0635,0.951,0.95,0.209,0.588,105.462,192014,4
"1385","5A5b8yWpeR9W89d9eGLLek","spotify:track:5A5b8yWpeR9W89d9eGLLek","Kill 'Em All (Deluxe Remaster)","Whiplash (Live at Espace Balard, Paris, France – February 9th, 1984)",15,"1983-07-25",10,0.157,0.994,9,-5.818,1,0.206,0.00247,0.605,0.946,0.0676,171.468,248709,4
"1386","2TBi9kCzlIQNEsed36GipV","spotify:track:2TBi9kCzlIQNEsed36GipV","Kill 'Em All (Deluxe Remaster)","Seek & Destroy (Live at Espace Balard, Paris, France – February 9th, 1984)",18,"1983-07-25",11,0.338,0.978,9,-6.096,1,0.288,0.111,0.307,0.8,0.271,149.509,441867,4
"1387","696lugNddHzXUBAZct4Sll","spotify:track:696lugNddHzXUBAZct4Sll","Kill 'Em All (Deluxe Remaster)","Metal Militia (Live at Espace Balard, Paris, France – February 9th, 1984)",14,"1983-07-25",12,0.179,0.994,9,-5.723,1,0.345,0.0104,0.232,0.684,0.0779,186.609,469168,4
"1388","52ImeVS5kQGfzHfGvCvKdp","spotify:track:52ImeVS5kQGfzHfGvCvKdp","Kill 'Em All (Deluxe Remaster)","Motorbreath (Rough Mix)",17,"1983-07-25",1,0.275,0.931,11,-6.349,0,0.167,0.000306,0.0309,0.0706,0.424,171.751,193521,4
"1389","306JKtpqBusaSZv9RgKcaT","spotify:track:306JKtpqBusaSZv9RgKcaT","Kill 'Em All (Deluxe Remaster)","Hit The Lights (Rough Mix)",17,"1983-07-25",2,0.278,0.959,11,-6.354,0,0.189,3.77e-05,0.207,0.254,0.23,160.299,261546,4
"1390","0KIkfZghiSp7l2Nfwz3zGN","spotify:track:0KIkfZghiSp7l2Nfwz3zGN","Kill 'Em All (Deluxe Remaster)","(Anesthesia) – Pulling Teeth (Rough Mix)",17,"1983-07-25",3,0.0865,0.952,0,-7.012,1,0.194,0.00262,0.846,0.288,0.281,194.295,268623,4
"1391","36uWGkkoDh7Bx0CaBxCJ8S","spotify:track:36uWGkkoDh7Bx0CaBxCJ8S","Kill 'Em All (Deluxe Remaster)","Seek & Destroy (Rough Mix)",21,"1983-07-25",4,0.416,0.897,9,-7.446,1,0.133,0.000813,0.138,0.0965,0.454,140.393,416531,4
"1392","1bQdI9DsAyRoETENnloUfu","spotify:track:1bQdI9DsAyRoETENnloUfu","Kill 'Em All (Deluxe Remaster)","Phantom Lord (Rough Mix)",15,"1983-07-25",5,0.209,0.959,2,-7.589,1,0.364,0.000503,0.0925,0.147,0.0702,155.976,304257,4
"1393","2qquLBzn2K0XVW1bXGUrKC","spotify:track:2qquLBzn2K0XVW1bXGUrKC","Kill 'Em All (Deluxe Remaster)","Whiplash (Rough Mix)",17,"1983-07-25",6,0.385,0.955,4,-7.087,0,0.138,0.000122,0.472,0.0589,0.166,157.861,255155,4
"1394","2VbUmqvB71PIRGbYBM4L8x","spotify:track:2VbUmqvB71PIRGbYBM4L8x","Kill 'Em All (Deluxe Remaster)","The Four Horsemen (Rough Mix)",14,"1983-07-25",7,0.329,0.672,4,-14.365,0,0.0731,0.248,0.874,0.332,0.486,102.636,432377,4
"1395","1o6kuN7DQYhRYIDHw1ndR3","spotify:track:1o6kuN7DQYhRYIDHw1ndR3","Kill 'Em All (Deluxe Remaster)","Seek & Destroy (“Not Live” From The Automatt)",15,"1983-07-25",8,0.397,0.955,9,-7.016,1,0.0605,0.00152,0.362,0.14,0.44,140.548,419934,4
"1396","1x9t1BgXLeqZfgulmIFqYZ","spotify:track:1x9t1BgXLeqZfgulmIFqYZ","Kill 'Em All (Deluxe Remaster)","Phantom Lord (“Not Live” From The Automatt)",13,"1983-07-25",9,0.193,0.975,11,-7.342,0,0.0838,0.00043,0.06,0.0368,0.0887,160.556,289542,4
"1397","5ZfkaNTcZgraTmHEszQZOq","spotify:track:5ZfkaNTcZgraTmHEszQZOq","Kill 'Em All (Deluxe Remaster)","Whiplash (Remastered) (Special Neckbrace Remix)",20,"1983-07-25",10,0.323,0.937,11,-7.265,0,0.107,1.91e-05,0.879,0.184,0.41,156.963,250632,4
"1398","7FVQsitrDmuFHmzjNLYLKw","spotify:track:7FVQsitrDmuFHmzjNLYLKw","Kill 'Em All (Deluxe Remaster)","Seek & Destroy (“Live” At The Automatt)",16,"1983-07-25",11,0.394,0.92,9,-6.3,1,0.0545,0.00542,0.588,0.884,0.647,139.53,423003,4
"1399","47jnei1oGbhIoW8q7t6P7x","spotify:track:47jnei1oGbhIoW8q7t6P7x","Kill 'Em All (Deluxe Remaster)","Phantom Lord (“Live” At The Automatt)",13,"1983-07-25",12,0.293,0.977,9,-5.255,1,0.0969,0.000627,0.708,0.904,0.322,79.075,293983,4
"1400","4kG1ykbUTdx6TeAA6G3HxE","spotify:track:4kG1ykbUTdx6TeAA6G3HxE","Kill 'Em All (Deluxe Remaster)","The Four Horsemen (Live at J Bees Rock III, Middletown, NY – January 20th, 1984)",12,"1983-07-25",1,0.249,0.906,9,-8.761,0,0.0934,0.000541,0.17,0.643,0.299,104.565,346079,4
"1401","6CCKh4PyRYhp3damUZOs1b","spotify:track:6CCKh4PyRYhp3damUZOs1b","Kill 'Em All (Deluxe Remaster)","Jump In The Fire (Live at J Bees Rock III, Middletown, NY – January 20th, 1984)",12,"1983-07-25",2,0.292,0.87,0,-9.197,1,0.0827,0.0025,0.0547,0.386,0.328,94.358,313948,4
"1402","4gcn3yEzFIH0jebcOYcV5E","spotify:track:4gcn3yEzFIH0jebcOYcV5E","Kill 'Em All (Deluxe Remaster)","Fight Fire With Fire (Live at J Bees Rock III, Middletown, NY – January 20th, 1984)",12,"1983-07-25",3,0.162,0.902,0,-9.811,1,0.17,0.000986,0.43,0.685,0.0876,170.592,332400,4
"1403","0oe5jYFVKSEadgioE9ruWn","spotify:track:0oe5jYFVKSEadgioE9ruWn","Kill 'Em All (Deluxe Remaster)","Ride The Lightning (Live at J Bees Rock III, Middletown, NY – January 20th, 1984)",12,"1983-07-25",4,0.224,0.853,9,-8.984,0,0.0971,0.00394,0.0948,0.711,0.336,151.254,433645,4
"1404","0YSd8SbjxO44RCj3LHvXJY","spotify:track:0YSd8SbjxO44RCj3LHvXJY","Kill 'Em All (Deluxe Remaster)","Phantom Lord (Live at J Bees Rock III, Middletown, NY – January 20th, 1984)",11,"1983-07-25",5,0.214,0.883,9,-9.255,0,0.121,0.00181,0.492,0.734,0.206,160.646,321197,4
"1405","22uGwBUggUYDgORTvC6zlD","spotify:track:22uGwBUggUYDgORTvC6zlD","Kill 'Em All (Deluxe Remaster)","Seek & Destroy (Live at J Bees Rock III, Middletown, NY – January 20th, 1984)",12,"1983-07-25",6,0.328,0.835,9,-8.972,0,0.0732,0.0305,0.11,0.704,0.607,151.069,467814,4
"1406","4JQnMFABQDGaSZLh1633YT","spotify:track:4JQnMFABQDGaSZLh1633YT","Kill 'Em All (Deluxe Remaster)","Whiplash (Live at J Bees Rock III, Middletown, NY – January 20th, 1984)",13,"1983-07-25",7,0.192,0.836,11,-10.485,0,0.0925,0.0047,0.173,0.333,0.105,164.133,395467,4
"1407","12dEfb1SW8GVYMihwoJpmT","spotify:track:12dEfb1SW8GVYMihwoJpmT","Kill 'Em All (Deluxe Remaster)","Hit The Lights (Live at The Keystone, Palo Alto, CA – October 31st, 1983)",12,"1983-07-25",1,0.219,0.99,10,-6.853,0,0.138,3.35e-05,0.662,0.671,0.101,155.382,265394,4
"1408","0PbCgqBNKbl9SenZNTYZoy","spotify:track:0PbCgqBNKbl9SenZNTYZoy","Kill 'Em All (Deluxe Remaster)","The Four Horsemen (Live at The Keystone, Palo Alto, CA – October 31st, 1983)",12,"1983-07-25",2,0.11,0.995,9,-5.19,1,0.14,0.00371,0.535,0.989,0.0391,206.012,449134,4
"1409","1KmK3DlsE0OpfCM5EhU6rx","spotify:track:1KmK3DlsE0OpfCM5EhU6rx","Kill 'Em All (Deluxe Remaster)","Jump In The Fire (Live at The Keystone, Palo Alto, CA – October 31st, 1983)",12,"1983-07-25",3,0.147,0.992,0,-6.083,0,0.268,0.00723,0.245,0.782,0.0744,184.058,299686,4
"1410","4ttbsqpCmDODcRocRbor2e","spotify:track:4ttbsqpCmDODcRocRbor2e","Kill 'Em All (Deluxe Remaster)","Fight Fire With Fire (Live at The Keystone, Palo Alto, CA – October 31st, 1983)",12,"1983-07-25",4,0.191,0.99,7,-6.589,1,0.32,0.00251,0.746,0.976,0.0348,161.965,336042,4
"1411","6nYeuKxgiKgEbW30eTr7aI","spotify:track:6nYeuKxgiKgEbW30eTr7aI","Kill 'Em All (Deluxe Remaster)","Ride The Lightning (Live at The Keystone, Palo Alto, CA – October 31st, 1983)",12,"1983-07-25",5,0.223,0.979,11,-6.238,0,0.297,0.0154,0.22,0.976,0.054,142.655,474544,4
"1412","4ybr4SxxR3gN9O5y9hWSt4","spotify:track:4ybr4SxxR3gN9O5y9hWSt4","Kill 'Em All (Deluxe Remaster)","Phantom Lord (Live at The Keystone, Palo Alto, CA – October 31st, 1983)",11,"1983-07-25",6,0.159,0.994,11,-6.238,0,0.26,0.00128,0.587,0.961,0.0384,154.894,334508,4
"1413","0DKVSRcl7rNqxZxk3DYGU6","spotify:track:0DKVSRcl7rNqxZxk3DYGU6","Kill 'Em All (Deluxe Remaster)","When Hell Freezes Over (The Call of Ktulu) (Live at The Keystone, Palo Alto, CA – October 31st, 1983)",14,"1983-07-25",7,0.246,0.945,2,-6.742,0,0.107,0.0341,0.744,0.983,0.178,143.039,549972,4
"1414","44UrnIpdXghCDU8xQAQJWC","spotify:track:44UrnIpdXghCDU8xQAQJWC","Kill 'Em All (Deluxe Remaster)","Seek & Destroy (Live at The Keystone, Palo Alto, CA – October 31st, 1983)",12,"1983-07-25",8,0.298,0.985,2,-5.342,1,0.178,0.00924,0.241,0.913,0.15,141.125,442036,4
"1415","31ff2s4BUKVx0i0EKHM2Gc","spotify:track:31ff2s4BUKVx0i0EKHM2Gc","Kill 'Em All (Deluxe Remaster)","(Anesthesia) – Pulling Teeth (Live at The Keystone, Palo Alto, CA – October 31st, 1983)",14,"1983-07-25",9,0.22,0.877,2,-7.49,1,0.06,0.689,0.84,0.868,0.55,101.343,154796,4
"1416","0LLhHdaXUU5G5tNxy9LWlg","spotify:track:0LLhHdaXUU5G5tNxy9LWlg","Kill 'Em All (Deluxe Remaster)","Whiplash (Live at The Keystone, Palo Alto, CA – October 31st, 1983)",12,"1983-07-25",10,0.228,0.989,7,-6.449,1,0.231,0.00159,0.0571,0.888,0.0433,155.843,348487,4
"1417","5dTsNRgorwaCvlQO3JhvAM","spotify:track:5dTsNRgorwaCvlQO3JhvAM","Kill 'Em All (Deluxe Remaster)","Creeping Death (Live at The Keystone, Palo Alto, CA – October 31st, 1983)",14,"1983-07-25",11,0.351,0.995,7,-5.112,1,0.121,0.00151,0.0854,0.96,0.0618,104.609,468036,4
"1418","4pZZpglhAAeBbeUHtszBxr","spotify:track:4pZZpglhAAeBbeUHtszBxr","Kill 'Em All (Deluxe Remaster)","Guitar Solo (Live at The Keystone, Palo Alto, CA – October 31st, 1983)",12,"1983-07-25",12,0.0639,0.889,4,-11.513,0,0.0923,0.851,0.911,0.952,0.0359,73.003,160448,3
"1419","6rxr1fpz3pE7VSHtsE7dTB","spotify:track:6rxr1fpz3pE7VSHtsE7dTB","Kill 'Em All (Deluxe Remaster)","Metal Militia (Live at The Keystone, Palo Alto, CA – October 31st, 1983)",11,"1983-07-25",13,0.167,0.997,2,-5.993,1,0.15,0.000601,0.593,0.946,0.0359,172.249,465573,4
